<?xml version="1.0" encoding="UTF-8" standalone="yes"?>
<service serviceGroup="" cachable="false" cacheduration="" description="Get an assessment template record which will be used to create a new assessment.&#xA;GET api/departments/{department}/assessmenttypes/{assessmenttype}/template" endpoint="default" groupType="" id="GetTemplate" passwordencrypted="false" security="authorized_app_user" type="jsonConnector" smscode="" smsenabled="false">
    <service-config>
        <config-param api-version="" appid="" name="preprocessorname" value=""/>
        <config-param api-version="" appid="" name="postprocessorname" value=""/>
        <config-param api-version="" appid="" name="preprocessorJS" value="function getSessionToken() {&#xA;  var sessionVar = request.getSession();&#xA;  var token = sessionVar.getAttribute(&quot;Authorization&quot;);&#xA;  logger.debug(&quot;@@@@@#####&quot;);&#xA;  logger.debug(token);&#xA;  &#xA;}&#xA;&#xA;getSessionToken();"/>
        <config-param api-version="" appid="" name="postprocessorJS" value=""/>
        <config-param api-version="" appid="" name="kony_http_supported_methods" value="POST"/>
        <config-param api-version="" appid="" name="endpointUrl" value="http://100.64.0.16/ImpactAPI/api/departments/$department/assessmentTypes/$assessmenttype/template"/>
        <config-param api-version="" appid="" name="ignorehttpproxy" value="true"/>
        <config-param api-version="" appid="" name="http.method" value="GET"/>
        <config-param api-version="" appid="" name="dataObjectName" value=""/>
        <config-param api-version="" appid="" name="sockettimeout" value=""/>
        <config-param api-version="" appid="" name="responseEncoding" value="UTF-8"/>
        <config-param api-version="" appid="" name="isembedxmlpresent" value="false"/>
        <config-param api-version="" appid="" name="retrycount" value="0"/>
    </service-config>
    <service-input passthrough="false">
        <header datatype="" name="" passthrough="false">
            <param datatype="string" defaultvalue="" description="" encode="false" format="None" formatvalue="" name="Authorization" order="" sms-name="" src="request" sourcevalue="" srcformatvalue="" target="" targetdatatype="" testvalue="ImpactAPI token=&quot;xXR37kAO76z1Ew6CoNSE4ZvWDqegXYeqMWJzmLxFI5cTVCwR9DRgNxmwXYPFrihCa3ZY60jFAO4WEAMfuPHOOtjF7IHW9osdSEafs2i3f0OEye7OjEADCC0faz3IIRcGxeW4piRemy&quot;" value="">
                <accessType></accessType>
            </param>
        </header>
        <param datatype="string" defaultvalue="" description="" encode="true" format="None" formatvalue="" name="department" order="" passnull="false" sms-name="" src="request" sourcevalue="" srcformatvalue="" target="request" targetdatatype="java.lang.String" testvalue="120541" value="">
            <accessType></accessType>
        </param>
        <param datatype="string" defaultvalue="" description="" encode="true" format="None" formatvalue="" name="assessmenttype" order="" passnull="false" sms-name="" src="request" sourcevalue="" srcformatvalue="" target="request" targetdatatype="java.lang.String" testvalue="209" value="">
            <accessType></accessType>
        </param>
    </service-input>
    <service-output passthrough="false"/>
</service>
