{
  "subType" : "customapp",
  "description" : "ImpactDev2",
  "version" : "1.0",
  "intSvcs" : [ {
    "name" : "AssessmentLookups",
    "version" : "1.0"
  }, {
    "name" : "AssessmentMetadata",
    "version" : "1.0"
  }, {
    "name" : "AssessmentResponsibilities",
    "version" : "1.0"
  }, {
    "name" : "Assessments",
    "version" : "1.0"
  }, {
    "name" : "Attachments",
    "version" : "1.0"
  }, {
    "name" : "CustomValidation",
    "version" : "1.0"
  }, {
    "name" : "Incidents",
    "version" : "1.0"
  }, {
    "name" : "Lookups",
    "version" : "1.0"
  }, {
    "name" : "NewService",
    "version" : "1.0"
  }, {
    "name" : "Security",
    "version" : "1.0"
  }, {
    "name" : "SitesDepartments",
    "version" : "1.0"
  }, {
    "name" : "UsersRoles",
    "version" : "1.0"
  } ],
  "orchSvcs" : [ {
    "name" : "DepartmentUpdate",
    "version" : "1.0"
  } ]
}